{"cameraMode":{"drawMode":0,"name":"Shaded","section":"Shading Mode"},"sceneLighting":true,"audioPlay":false,"sceneViewState":{"showFog":true,"showMaterialUpdate":true,"showSkybox":true,"showFlares":true,"showImageEffects":true,"showParticleSystems":true},"in2DMode":false,"pivot":{"x":0.7817167043685913,"y":1.0693902969360352,"z":-1.0246286392211915},"rotation":{"x":-0.16307082772254945,"y":-0.014219005592167378,"z":0.00231639901176095,"w":-0.9865676164627075},"size":2.6330792903900148,"orthographic":false}